{
  "temperatures": [
    {
      "DateDuJour": "2022-01-01",
      "Temp": -7,
      "MinTemp": -11,
      "MaxTemp": -1
    },
    {
      "DateDuJour": "2022-01-02",
      "Temp": -10,
      "MinTemp": -13,
      "MaxTemp": -5
    },
    {
      "DateDuJour": "2022-01-03",
      "Temp": -19,
      "MinTemp": -25,
      "MaxTemp": -15
    },
    {
      "DateDuJour": "2022-01-04",
      "Temp": -9,
      "MinTemp": -11,
      "MaxTemp": -2
    },
    {
      "DateDuJour": "2022-01-05",
      "Temp": -23,
      "MinTemp": -26,
      "MaxTemp": -18
    },
    {
      "DateDuJour": "2022-01-06",
      "Temp": -17,
      "MinTemp": -22,
      "MaxTemp": -13
    },
    {
      "DateDuJour": "2022-01-07",
      "Temp": -1,
      "MinTemp": -4,
      "MaxTemp": 6
    },
    {
      "DateDuJour": "2022-01-08",
      "Temp": 4,
      "MinTemp": 2,
      "MaxTemp": 9
    },
    {
      "DateDuJour": "2022-01-09",
      "Temp": -1,
      "MinTemp": -4,
      "MaxTemp": 5
    },
    {
      "DateDuJour": "2022-01-10",
      "Temp": 1,
      "MinTemp": -4,
      "MaxTemp": 7
    },
    {
      "DateDuJour": "2022-01-11",
      "Temp": -18,
      "MinTemp": -22,
      "MaxTemp": -13
    },
    {
      "DateDuJour": "2022-01-12",
      "Temp": -17,
      "MinTemp": -18,
      "MaxTemp": -10
    },
    {
      "DateDuJour": "2022-01-13",
      "Temp": -25,
      "MinTemp": -29,
      "MaxTemp": -18
    },
    {
      "DateDuJour": "2022-01-14",
      "Temp": -15,
      "MinTemp": -21,
      "MaxTemp": -13
    },
    {
      "DateDuJour": "2022-01-15",
      "Temp": -14,
      "MinTemp": -20,
      "MaxTemp": -8
    },
    {
      "DateDuJour": "2022-01-16",
      "Temp": 0,
      "MinTemp": -3,
      "MaxTemp": 2
    },
    {
      "DateDuJour": "2022-01-17",
      "Temp": -2,
      "MinTemp": -6,
      "MaxTemp": 4
    },
    {
      "DateDuJour": "2022-01-18",
      "Temp": -12,
      "MinTemp": -13,
      "MaxTemp": -6
    },
    {
      "DateDuJour": "2022-01-19",
      "Temp": -14,
      "MinTemp": -19,
      "MaxTemp": -7
    },
    {
      "DateDuJour": "2022-01-20",
      "Temp": 1,
      "MinTemp": 0,
      "MaxTemp": 5
    },
    {
      "DateDuJour": "2022-01-21",
      "Temp": -21,
      "MinTemp": -23,
      "MaxTemp": -18
    },
    {
      "DateDuJour": "2022-01-22",
      "Temp": -12,
      "MinTemp": -17,
      "MaxTemp": -5
    },
    {
      "DateDuJour": "2022-01-23",
      "Temp": -12,
      "MinTemp": -13,
      "MaxTemp": -10
    },
    {
      "DateDuJour": "2022-01-24",
      "Temp": 3,
      "MinTemp": 1,
      "MaxTemp": 10
    },
    {
      "DateDuJour": "2022-01-25",
      "Temp": -9,
      "MinTemp": -10,
      "MaxTemp": -3
    },
    {
      "DateDuJour": "2022-01-26",
      "Temp": -1,
      "MinTemp": -4,
      "MaxTemp": 2
    },
    {
      "DateDuJour": "2022-01-27",
      "Temp": -20,
      "MinTemp": -21,
      "MaxTemp": -16
    },
    {
      "DateDuJour": "2022-01-28",
      "Temp": 5,
      "MinTemp": 1,
      "MaxTemp": 11
    },
    {
      "DateDuJour": "2022-01-29",
      "Temp": 2,
      "MinTemp": -2,
      "MaxTemp": 5
    },
    {
      "DateDuJour": "2022-01-30",
      "Temp": -2,
      "MinTemp": -6,
      "MaxTemp": 3
    },
    {
      "DateDuJour": "2022-01-31",
      "Temp": -16,
      "MinTemp": -17,
      "MaxTemp": -9
    },
    {
      "DateDuJour": "2022-02-01",
      "Temp": -3,
      "MinTemp": -8,
      "MaxTemp": 4
    },
    {
      "DateDuJour": "2022-02-02",
      "Temp": -15,
      "MinTemp": -19,
      "MaxTemp": -13
    },
    {
      "DateDuJour": "2022-02-03",
      "Temp": -1,
      "MinTemp": -7,
      "MaxTemp": 5
    },
    {
      "DateDuJour": "2022-02-04",
      "Temp": -10,
      "MinTemp": -11,
      "MaxTemp": -8
    },
    {
      "DateDuJour": "2022-02-05",
      "Temp": -22,
      "MinTemp": -26,
      "MaxTemp": -20
    },
    {
      "DateDuJour": "2022-02-06",
      "Temp": -8,
      "MinTemp": -9,
      "MaxTemp": -1
    },
    {
      "DateDuJour": "2022-02-07",
      "Temp": -20,
      "MinTemp": -23,
      "MaxTemp": -17
    },
    {
      "DateDuJour": "2022-02-08",
      "Temp": 2,
      "MinTemp": -4,
      "MaxTemp": 9
    },
    {
      "DateDuJour": "2022-02-09",
      "Temp": 0,
      "MinTemp": -6,
      "MaxTemp": 2
    },
    {
      "DateDuJour": "2022-02-10",
      "Temp": 0,
      "MinTemp": -4,
      "MaxTemp": 3
    },
    {
      "DateDuJour": "2022-02-11",
      "Temp": -4,
      "MinTemp": -9,
      "MaxTemp": 2
    },
    {
      "DateDuJour": "2022-02-12",
      "Temp": -9,
      "MinTemp": -12,
      "MaxTemp": -2
    },
    {
      "DateDuJour": "2022-02-13",
      "Temp": -26,
      "MinTemp": -27,
      "MaxTemp": -22
    },
    {
      "DateDuJour": "2022-02-14",
      "Temp": -1,
      "MinTemp": -4,
      "MaxTemp": 1
    },
    {
      "DateDuJour": "2022-02-15",
      "Temp": -26,
      "MinTemp": -29,
      "MaxTemp": -19
    },
    {
      "DateDuJour": "2022-02-16",
      "Temp": -10,
      "MinTemp": -11,
      "MaxTemp": -3
    },
    {
      "DateDuJour": "2022-02-17",
      "Temp": -9,
      "MinTemp": -14,
      "MaxTemp": -2
    },
    {
      "DateDuJour": "2022-02-18",
      "Temp": -23,
      "MinTemp": -27,
      "MaxTemp": -18
    },
    {
      "DateDuJour": "2022-02-19",
      "Temp": -5,
      "MinTemp": -9,
      "MaxTemp": -1
    },
    {
      "DateDuJour": "2022-02-20",
      "Temp": -16,
      "MinTemp": -17,
      "MaxTemp": -12
    },
    {
      "DateDuJour": "2022-02-21",
      "Temp": -12,
      "MinTemp": -14,
      "MaxTemp": -8
    },
    {
      "DateDuJour": "2022-02-22",
      "Temp": -8,
      "MinTemp": -10,
      "MaxTemp": -2
    },
    {
      "DateDuJour": "2022-02-23",
      "Temp": 0,
      "MinTemp": -1,
      "MaxTemp": 3
    },
    {
      "DateDuJour": "2022-02-24",
      "Temp": -8,
      "MinTemp": -12,
      "MaxTemp": -4
    },
    {
      "DateDuJour": "2022-02-25",
      "Temp": 3,
      "MinTemp": -2,
      "MaxTemp": 7
    },
    {
      "DateDuJour": "2022-02-26",
      "Temp": 5,
      "MinTemp": -1,
      "MaxTemp": 10
    },
    {
      "DateDuJour": "2022-02-27",
      "Temp": -14,
      "MinTemp": -20,
      "MaxTemp": -11
    },
    {
      "DateDuJour": "2022-02-28",
      "Temp": -20,
      "MinTemp": -23,
      "MaxTemp": -18
    },
    {
      "DateDuJour": "2022-03-01",
      "Temp": -18,
      "MinTemp": -22,
      "MaxTemp": -15
    },
    {
      "DateDuJour": "2022-03-02",
      "Temp": -2,
      "MinTemp": -3,
      "MaxTemp": 4
    },
    {
      "DateDuJour": "2022-03-03",
      "Temp": 4,
      "MinTemp": -2,
      "MaxTemp": 8
    },
    {
      "DateDuJour": "2022-03-04",
      "Temp": -5,
      "MinTemp": -7,
      "MaxTemp": -2
    },
    {
      "DateDuJour": "2022-03-05",
      "Temp": 5,
      "MinTemp": 0,
      "MaxTemp": 12
    },
    {
      "DateDuJour": "2022-03-06",
      "Temp": -13,
      "MinTemp": -17,
      "MaxTemp": -10
    },
    {
      "DateDuJour": "2022-03-07",
      "Temp": -24,
      "MinTemp": -26,
      "MaxTemp": -17
    },
    {
      "DateDuJour": "2022-03-08",
      "Temp": -7,
      "MinTemp": -12,
      "MaxTemp": -2
    },
    {
      "DateDuJour": "2022-03-09",
      "Temp": -1,
      "MinTemp": -5,
      "MaxTemp": 4
    },
    {
      "DateDuJour": "2022-03-10",
      "Temp": -12,
      "MinTemp": -17,
      "MaxTemp": -7
    },
    {
      "DateDuJour": "2022-03-11",
      "Temp": -8,
      "MinTemp": -13,
      "MaxTemp": -1
    },
    {
      "DateDuJour": "2022-03-12",
      "Temp": -6,
      "MinTemp": -10,
      "MaxTemp": 0
    },
    {
      "DateDuJour": "2022-03-13",
      "Temp": 3,
      "MinTemp": 2,
      "MaxTemp": 7
    },
    {
      "DateDuJour": "2022-03-14",
      "Temp": -3,
      "MinTemp": -8,
      "MaxTemp": 1
    },
    {
      "DateDuJour": "2022-03-15",
      "Temp": -23,
      "MinTemp": -25,
      "MaxTemp": -16
    },
    {
      "DateDuJour": "2022-03-16",
      "Temp": -21,
      "MinTemp": -27,
      "MaxTemp": -15
    },
    {
      "DateDuJour": "2022-03-17",
      "Temp": -9,
      "MinTemp": -14,
      "MaxTemp": -4
    },
    {
      "DateDuJour": "2022-03-18",
      "Temp": -4,
      "MinTemp": -8,
      "MaxTemp": 0
    },
    {
      "DateDuJour": "2022-03-19",
      "Temp": -23,
      "MinTemp": -28,
      "MaxTemp": -17
    },
    {
      "DateDuJour": "2022-03-20",
      "Temp": -6,
      "MinTemp": -11,
      "MaxTemp": -2
    },
    {
      "DateDuJour": "2022-03-21",
      "Temp": -2,
      "MinTemp": -6,
      "MaxTemp": 3
    },
    {
      "DateDuJour": "2022-03-22",
      "Temp": 20,
      "MinTemp": 15,
      "MaxTemp": 23
    },
    {
      "DateDuJour": "2022-03-23",
      "Temp": 19,
      "MinTemp": 16,
      "MaxTemp": 25
    },
    {
      "DateDuJour": "2022-03-24",
      "Temp": 0,
      "MinTemp": -6,
      "MaxTemp": 5
    },
    {
      "DateDuJour": "2022-03-25",
      "Temp": 13,
      "MinTemp": 9,
      "MaxTemp": 19
    },
    {
      "DateDuJour": "2022-03-26",
      "Temp": 21,
      "MinTemp": 17,
      "MaxTemp": 27
    },
    {
      "DateDuJour": "2022-03-27",
      "Temp": 1,
      "MinTemp": -2,
      "MaxTemp": 7
    },
    {
      "DateDuJour": "2022-03-28",
      "Temp": 3,
      "MinTemp": 1,
      "MaxTemp": 5
    },
    {
      "DateDuJour": "2022-03-29",
      "Temp": 19,
      "MinTemp": 15,
      "MaxTemp": 25
    },
    {
      "DateDuJour": "2022-03-30",
      "Temp": 14,
      "MinTemp": 11,
      "MaxTemp": 19
    },
    {
      "DateDuJour": "2022-03-31",
      "Temp": 11,
      "MinTemp": 6,
      "MaxTemp": 18
    },
    {
      "DateDuJour": "2022-04-01",
      "Temp": 6,
      "MinTemp": 0,
      "MaxTemp": 11
    },
    {
      "DateDuJour": "2022-04-02",
      "Temp": 7,
      "MinTemp": 2,
      "MaxTemp": 11
    },
    {
      "DateDuJour": "2022-04-03",
      "Temp": 10,
      "MinTemp": 4,
      "MaxTemp": 14
    },
    {
      "DateDuJour": "2022-04-04",
      "Temp": 4,
      "MinTemp": 1,
      "MaxTemp": 8
    },
    {
      "DateDuJour": "2022-04-05",
      "Temp": 11,
      "MinTemp": 10,
      "MaxTemp": 18
    },
    {
      "DateDuJour": "2022-04-06",
      "Temp": 11,
      "MinTemp": 7,
      "MaxTemp": 14
    },
    {
      "DateDuJour": "2022-04-07",
      "Temp": 14,
      "MinTemp": 11,
      "MaxTemp": 17
    },
    {
      "DateDuJour": "2022-04-08",
      "Temp": 2,
      "MinTemp": -3,
      "MaxTemp": 9
    },
    {
      "DateDuJour": "2022-04-09",
      "Temp": 9,
      "MinTemp": 8,
      "MaxTemp": 14
    },
    {
      "DateDuJour": "2022-04-10",
      "Temp": 21,
      "MinTemp": 15,
      "MaxTemp": 24
    },
    {
      "DateDuJour": "2022-04-11",
      "Temp": 5,
      "MinTemp": 2,
      "MaxTemp": 11
    },
    {
      "DateDuJour": "2022-04-12",
      "Temp": 14,
      "MinTemp": 9,
      "MaxTemp": 19
    },
    {
      "DateDuJour": "2022-04-13",
      "Temp": 19,
      "MinTemp": 13,
      "MaxTemp": 26
    },
    {
      "DateDuJour": "2022-04-14",
      "Temp": 4,
      "MinTemp": -1,
      "MaxTemp": 8
    },
    {
      "DateDuJour": "2022-04-15",
      "Temp": 2,
      "MinTemp": 0,
      "MaxTemp": 9
    },
    {
      "DateDuJour": "2022-04-16",
      "Temp": 9,
      "MinTemp": 4,
      "MaxTemp": 11
    },
    {
      "DateDuJour": "2022-04-17",
      "Temp": 13,
      "MinTemp": 9,
      "MaxTemp": 17
    },
    {
      "DateDuJour": "2022-04-18",
      "Temp": 21,
      "MinTemp": 19,
      "MaxTemp": 28
    },
    {
      "DateDuJour": "2022-04-19",
      "Temp": 13,
      "MinTemp": 10,
      "MaxTemp": 19
    },
    {
      "DateDuJour": "2022-04-20",
      "Temp": 6,
      "MinTemp": 5,
      "MaxTemp": 9
    },
    {
      "DateDuJour": "2022-04-21",
      "Temp": 6,
      "MinTemp": 4,
      "MaxTemp": 8
    },
    {
      "DateDuJour": "2022-04-22",
      "Temp": 18,
      "MinTemp": 14,
      "MaxTemp": 22
    },
    {
      "DateDuJour": "2022-04-23",
      "Temp": 4,
      "MinTemp": -1,
      "MaxTemp": 11
    },
    {
      "DateDuJour": "2022-04-24",
      "Temp": 21,
      "MinTemp": 17,
      "MaxTemp": 28
    },
    {
      "DateDuJour": "2022-04-25",
      "Temp": 17,
      "MinTemp": 13,
      "MaxTemp": 24
    },
    {
      "DateDuJour": "2022-04-26",
      "Temp": 21,
      "MinTemp": 18,
      "MaxTemp": 24
    },
    {
      "DateDuJour": "2022-04-27",
      "Temp": 2,
      "MinTemp": -3,
      "MaxTemp": 8
    },
    {
      "DateDuJour": "2022-04-28",
      "Temp": 0,
      "MinTemp": -3,
      "MaxTemp": 3
    },
    {
      "DateDuJour": "2022-04-29",
      "Temp": 2,
      "MinTemp": -1,
      "MaxTemp": 9
    },
    {
      "DateDuJour": "2022-04-30",
      "Temp": 13,
      "MinTemp": 10,
      "MaxTemp": 15
    },
    {
      "DateDuJour": "2022-05-01",
      "Temp": 6,
      "MinTemp": 5,
      "MaxTemp": 10
    },
    {
      "DateDuJour": "2022-05-02",
      "Temp": 1,
      "MinTemp": -3,
      "MaxTemp": 7
    },
    {
      "DateDuJour": "2022-05-03",
      "Temp": 2,
      "MinTemp": 0,
      "MaxTemp": 6
    },
    {
      "DateDuJour": "2022-05-04",
      "Temp": 7,
      "MinTemp": 4,
      "MaxTemp": 14
    },
    {
      "DateDuJour": "2022-05-05",
      "Temp": 20,
      "MinTemp": 17,
      "MaxTemp": 23
    },
    {
      "DateDuJour": "2022-05-06",
      "Temp": 6,
      "MinTemp": 0,
      "MaxTemp": 13
    },
    {
      "DateDuJour": "2022-05-07",
      "Temp": 8,
      "MinTemp": 3,
      "MaxTemp": 14
    },
    {
      "DateDuJour": "2022-05-08",
      "Temp": 9,
      "MinTemp": 3,
      "MaxTemp": 13
    },
    {
      "DateDuJour": "2022-05-09",
      "Temp": 8,
      "MinTemp": 7,
      "MaxTemp": 14
    },
    {
      "DateDuJour": "2022-05-10",
      "Temp": 16,
      "MinTemp": 12,
      "MaxTemp": 20
    },
    {
      "DateDuJour": "2022-05-11",
      "Temp": 14,
      "MinTemp": 8,
      "MaxTemp": 17
    },
    {
      "DateDuJour": "2022-05-12",
      "Temp": 4,
      "MinTemp": 2,
      "MaxTemp": 11
    },
    {
      "DateDuJour": "2022-05-13",
      "Temp": 6,
      "MinTemp": 4,
      "MaxTemp": 8
    },
    {
      "DateDuJour": "2022-05-14",
      "Temp": 16,
      "MinTemp": 15,
      "MaxTemp": 22
    },
    {
      "DateDuJour": "2022-05-15",
      "Temp": 8,
      "MinTemp": 5,
      "MaxTemp": 12
    },
    {
      "DateDuJour": "2022-05-16",
      "Temp": 1,
      "MinTemp": 0,
      "MaxTemp": 6
    },
    {
      "DateDuJour": "2022-05-17",
      "Temp": 10,
      "MinTemp": 4,
      "MaxTemp": 16
    },
    {
      "DateDuJour": "2022-05-18",
      "Temp": 16,
      "MinTemp": 12,
      "MaxTemp": 23
    },
    {
      "DateDuJour": "2022-05-19",
      "Temp": 13,
      "MinTemp": 9,
      "MaxTemp": 19
    },
    {
      "DateDuJour": "2022-05-20",
      "Temp": 2,
      "MinTemp": 0,
      "MaxTemp": 9
    },
    {
      "DateDuJour": "2022-05-21",
      "Temp": 13,
      "MinTemp": 7,
      "MaxTemp": 20
    },
    {
      "DateDuJour": "2022-05-22",
      "Temp": 15,
      "MinTemp": 12,
      "MaxTemp": 18
    },
    {
      "DateDuJour": "2022-05-23",
      "Temp": 12,
      "MinTemp": 8,
      "MaxTemp": 19
    },
    {
      "DateDuJour": "2022-05-24",
      "Temp": 19,
      "MinTemp": 14,
      "MaxTemp": 26
    },
    {
      "DateDuJour": "2022-05-25",
      "Temp": 4,
      "MinTemp": 2,
      "MaxTemp": 9
    },
    {
      "DateDuJour": "2022-05-26",
      "Temp": 1,
      "MinTemp": -5,
      "MaxTemp": 8
    },
    {
      "DateDuJour": "2022-05-27",
      "Temp": 4,
      "MinTemp": 0,
      "MaxTemp": 8
    },
    {
      "DateDuJour": "2022-05-28",
      "Temp": 3,
      "MinTemp": -2,
      "MaxTemp": 9
    },
    {
      "DateDuJour": "2022-05-29",
      "Temp": 1,
      "MinTemp": -5,
      "MaxTemp": 8
    },
    {
      "DateDuJour": "2022-05-30",
      "Temp": 12,
      "MinTemp": 11,
      "MaxTemp": 18
    },
    {
      "DateDuJour": "2022-05-31",
      "Temp": 17,
      "MinTemp": 12,
      "MaxTemp": 19
    },
    {
      "DateDuJour": "2022-06-01",
      "Temp": 11,
      "MinTemp": 9,
      "MaxTemp": 17
    },
    {
      "DateDuJour": "2022-06-02",
      "Temp": 12,
      "MinTemp": 11,
      "MaxTemp": 16
    },
    {
      "DateDuJour": "2022-06-03",
      "Temp": 0,
      "MinTemp": -5,
      "MaxTemp": 5
    },
    {
      "DateDuJour": "2022-06-04",
      "Temp": 13,
      "MinTemp": 9,
      "MaxTemp": 18
    },
    {
      "DateDuJour": "2022-06-05",
      "Temp": 4,
      "MinTemp": -2,
      "MaxTemp": 8
    },
    {
      "DateDuJour": "2022-06-06",
      "Temp": 11,
      "MinTemp": 7,
      "MaxTemp": 15
    },
    {
      "DateDuJour": "2022-06-07",
      "Temp": 17,
      "MinTemp": 16,
      "MaxTemp": 22
    },
    {
      "DateDuJour": "2022-06-08",
      "Temp": 8,
      "MinTemp": 2,
      "MaxTemp": 15
    },
    {
      "DateDuJour": "2022-06-09",
      "Temp": 19,
      "MinTemp": 15,
      "MaxTemp": 22
    },
    {
      "DateDuJour": "2022-06-10",
      "Temp": 20,
      "MinTemp": 18,
      "MaxTemp": 24
    },
    {
      "DateDuJour": "2022-06-11",
      "Temp": 9,
      "MinTemp": 5,
      "MaxTemp": 11
    },
    {
      "DateDuJour": "2022-06-12",
      "Temp": 6,
      "MinTemp": 5,
      "MaxTemp": 8
    },
    {
      "DateDuJour": "2022-06-13",
      "Temp": 7,
      "MinTemp": 6,
      "MaxTemp": 13
    },
    {
      "DateDuJour": "2022-06-14",
      "Temp": 4,
      "MinTemp": 2,
      "MaxTemp": 9
    },
    {
      "DateDuJour": "2022-06-15",
      "Temp": 2,
      "MinTemp": -4,
      "MaxTemp": 7
    },
    {
      "DateDuJour": "2022-06-16",
      "Temp": 14,
      "MinTemp": 12,
      "MaxTemp": 17
    },
    {
      "DateDuJour": "2022-06-17",
      "Temp": 10,
      "MinTemp": 4,
      "MaxTemp": 13
    },
    {
      "DateDuJour": "2022-06-18",
      "Temp": 13,
      "MinTemp": 9,
      "MaxTemp": 16
    },
    {
      "DateDuJour": "2022-06-19",
      "Temp": 13,
      "MinTemp": 9,
      "MaxTemp": 20
    },
    {
      "DateDuJour": "2022-06-20",
      "Temp": 7,
      "MinTemp": 6,
      "MaxTemp": 12
    },
    {
      "DateDuJour": "2022-06-21",
      "Temp": 20,
      "MinTemp": 15,
      "MaxTemp": 24
    },
    {
      "DateDuJour": "2022-06-22",
      "Temp": 32,
      "MinTemp": 30,
      "MaxTemp": 37
    },
    {
      "DateDuJour": "2022-06-23",
      "Temp": 21,
      "MinTemp": 18,
      "MaxTemp": 27
    },
    {
      "DateDuJour": "2022-06-24",
      "Temp": 23,
      "MinTemp": 19,
      "MaxTemp": 27
    },
    {
      "DateDuJour": "2022-06-25",
      "Temp": 34,
      "MinTemp": 31,
      "MaxTemp": 40
    },
    {
      "DateDuJour": "2022-06-26",
      "Temp": 32,
      "MinTemp": 26,
      "MaxTemp": 35
    },
    {
      "DateDuJour": "2022-06-27",
      "Temp": 35,
      "MinTemp": 34,
      "MaxTemp": 42
    },
    {
      "DateDuJour": "2022-06-28",
      "Temp": 18,
      "MinTemp": 14,
      "MaxTemp": 22
    },
    {
      "DateDuJour": "2022-06-29",
      "Temp": 23,
      "MinTemp": 21,
      "MaxTemp": 26
    },
    {
      "DateDuJour": "2022-06-30",
      "Temp": 25,
      "MinTemp": 24,
      "MaxTemp": 32
    },
    {
      "DateDuJour": "2022-07-01",
      "Temp": 26,
      "MinTemp": 25,
      "MaxTemp": 30
    },
    {
      "DateDuJour": "2022-07-02",
      "Temp": 18,
      "MinTemp": 14,
      "MaxTemp": 25
    },
    {
      "DateDuJour": "2022-07-03",
      "Temp": 27,
      "MinTemp": 21,
      "MaxTemp": 31
    },
    {
      "DateDuJour": "2022-07-04",
      "Temp": 18,
      "MinTemp": 16,
      "MaxTemp": 24
    },
    {
      "DateDuJour": "2022-07-05",
      "Temp": 18,
      "MinTemp": 15,
      "MaxTemp": 22
    },
    {
      "DateDuJour": "2022-07-06",
      "Temp": 35,
      "MinTemp": 31,
      "MaxTemp": 38
    },
    {
      "DateDuJour": "2022-07-07",
      "Temp": 23,
      "MinTemp": 20,
      "MaxTemp": 25
    },
    {
      "DateDuJour": "2022-07-08",
      "Temp": 33,
      "MinTemp": 31,
      "MaxTemp": 40
    },
    {
      "DateDuJour": "2022-07-09",
      "Temp": 34,
      "MinTemp": 32,
      "MaxTemp": 38
    },
    {
      "DateDuJour": "2022-07-10",
      "Temp": 32,
      "MinTemp": 30,
      "MaxTemp": 35
    },
    {
      "DateDuJour": "2022-07-11",
      "Temp": 33,
      "MinTemp": 29,
      "MaxTemp": 36
    },
    {
      "DateDuJour": "2022-07-12",
      "Temp": 21,
      "MinTemp": 15,
      "MaxTemp": 26
    },
    {
      "DateDuJour": "2022-07-13",
      "Temp": 31,
      "MinTemp": 25,
      "MaxTemp": 37
    },
    {
      "DateDuJour": "2022-07-14",
      "Temp": 33,
      "MinTemp": 30,
      "MaxTemp": 39
    },
    {
      "DateDuJour": "2022-07-15",
      "Temp": 34,
      "MinTemp": 30,
      "MaxTemp": 37
    },
    {
      "DateDuJour": "2022-07-16",
      "Temp": 19,
      "MinTemp": 13,
      "MaxTemp": 21
    },
    {
      "DateDuJour": "2022-07-17",
      "Temp": 20,
      "MinTemp": 18,
      "MaxTemp": 25
    },
    {
      "DateDuJour": "2022-07-18",
      "Temp": 31,
      "MinTemp": 28,
      "MaxTemp": 34
    },
    {
      "DateDuJour": "2022-07-19",
      "Temp": 25,
      "MinTemp": 24,
      "MaxTemp": 27
    },
    {
      "DateDuJour": "2022-07-20",
      "Temp": 21,
      "MinTemp": 20,
      "MaxTemp": 27
    },
    {
      "DateDuJour": "2022-07-21",
      "Temp": 22,
      "MinTemp": 20,
      "MaxTemp": 28
    },
    {
      "DateDuJour": "2022-07-22",
      "Temp": 26,
      "MinTemp": 25,
      "MaxTemp": 30
    },
    {
      "DateDuJour": "2022-07-23",
      "Temp": 22,
      "MinTemp": 18,
      "MaxTemp": 29
    },
    {
      "DateDuJour": "2022-07-24",
      "Temp": 31,
      "MinTemp": 30,
      "MaxTemp": 35
    },
    {
      "DateDuJour": "2022-07-25",
      "Temp": 24,
      "MinTemp": 20,
      "MaxTemp": 29
    },
    {
      "DateDuJour": "2022-07-26",
      "Temp": 19,
      "MinTemp": 15,
      "MaxTemp": 23
    },
    {
      "DateDuJour": "2022-07-27",
      "Temp": 24,
      "MinTemp": 19,
      "MaxTemp": 30
    },
    {
      "DateDuJour": "2022-07-28",
      "Temp": 20,
      "MinTemp": 14,
      "MaxTemp": 22
    },
    {
      "DateDuJour": "2022-07-29",
      "Temp": 20,
      "MinTemp": 15,
      "MaxTemp": 25
    },
    {
      "DateDuJour": "2022-07-30",
      "Temp": 22,
      "MinTemp": 20,
      "MaxTemp": 27
    },
    {
      "DateDuJour": "2022-07-31",
      "Temp": 35,
      "MinTemp": 31,
      "MaxTemp": 41
    },
    {
      "DateDuJour": "2022-08-01",
      "Temp": 26,
      "MinTemp": 24,
      "MaxTemp": 30
    },
    {
      "DateDuJour": "2022-08-02",
      "Temp": 20,
      "MinTemp": 19,
      "MaxTemp": 27
    },
    {
      "DateDuJour": "2022-08-03",
      "Temp": 28,
      "MinTemp": 27,
      "MaxTemp": 35
    },
    {
      "DateDuJour": "2022-08-04",
      "Temp": 24,
      "MinTemp": 20,
      "MaxTemp": 28
    },
    {
      "DateDuJour": "2022-08-05",
      "Temp": 33,
      "MinTemp": 31,
      "MaxTemp": 35
    },
    {
      "DateDuJour": "2022-08-06",
      "Temp": 21,
      "MinTemp": 20,
      "MaxTemp": 27
    },
    {
      "DateDuJour": "2022-08-07",
      "Temp": 19,
      "MinTemp": 15,
      "MaxTemp": 25
    },
    {
      "DateDuJour": "2022-08-08",
      "Temp": 28,
      "MinTemp": 24,
      "MaxTemp": 33
    },
    {
      "DateDuJour": "2022-08-09",
      "Temp": 27,
      "MinTemp": 22,
      "MaxTemp": 29
    },
    {
      "DateDuJour": "2022-08-10",
      "Temp": 28,
      "MinTemp": 22,
      "MaxTemp": 31
    },
    {
      "DateDuJour": "2022-08-11",
      "Temp": 29,
      "MinTemp": 26,
      "MaxTemp": 35
    },
    {
      "DateDuJour": "2022-08-12",
      "Temp": 34,
      "MinTemp": 29,
      "MaxTemp": 39
    },
    {
      "DateDuJour": "2022-08-13",
      "Temp": 26,
      "MinTemp": 24,
      "MaxTemp": 29
    },
    {
      "DateDuJour": "2022-08-14",
      "Temp": 28,
      "MinTemp": 23,
      "MaxTemp": 35
    },
    {
      "DateDuJour": "2022-08-15",
      "Temp": 18,
      "MinTemp": 14,
      "MaxTemp": 23
    },
    {
      "DateDuJour": "2022-08-16",
      "Temp": 21,
      "MinTemp": 20,
      "MaxTemp": 26
    },
    {
      "DateDuJour": "2022-08-17",
      "Temp": 21,
      "MinTemp": 18,
      "MaxTemp": 25
    },
    {
      "DateDuJour": "2022-08-18",
      "Temp": 32,
      "MinTemp": 27,
      "MaxTemp": 34
    },
    {
      "DateDuJour": "2022-08-19",
      "Temp": 25,
      "MinTemp": 20,
      "MaxTemp": 27
    },
    {
      "DateDuJour": "2022-08-20",
      "Temp": 21,
      "MinTemp": 15,
      "MaxTemp": 26
    },
    {
      "DateDuJour": "2022-08-21",
      "Temp": 23,
      "MinTemp": 22,
      "MaxTemp": 28
    },
    {
      "DateDuJour": "2022-08-22",
      "Temp": 20,
      "MinTemp": 14,
      "MaxTemp": 27
    },
    {
      "DateDuJour": "2022-08-23",
      "Temp": 19,
      "MinTemp": 13,
      "MaxTemp": 21
    },
    {
      "DateDuJour": "2022-08-24",
      "Temp": 20,
      "MinTemp": 15,
      "MaxTemp": 25
    },
    {
      "DateDuJour": "2022-08-25",
      "Temp": 32,
      "MinTemp": 27,
      "MaxTemp": 34
    },
    {
      "DateDuJour": "2022-08-26",
      "Temp": 20,
      "MinTemp": 15,
      "MaxTemp": 27
    },
    {
      "DateDuJour": "2022-08-27",
      "Temp": 19,
      "MinTemp": 14,
      "MaxTemp": 24
    },
    {
      "DateDuJour": "2022-08-28",
      "Temp": 34,
      "MinTemp": 28,
      "MaxTemp": 41
    },
    {
      "DateDuJour": "2022-08-29",
      "Temp": 25,
      "MinTemp": 24,
      "MaxTemp": 27
    },
    {
      "DateDuJour": "2022-08-30",
      "Temp": 32,
      "MinTemp": 29,
      "MaxTemp": 37
    },
    {
      "DateDuJour": "2022-08-31",
      "Temp": 34,
      "MinTemp": 29,
      "MaxTemp": 40
    },
    {
      "DateDuJour": "2022-09-01",
      "Temp": 20,
      "MinTemp": 18,
      "MaxTemp": 25
    },
    {
      "DateDuJour": "2022-09-02",
      "Temp": 22,
      "MinTemp": 16,
      "MaxTemp": 24
    },
    {
      "DateDuJour": "2022-09-03",
      "Temp": 29,
      "MinTemp": 23,
      "MaxTemp": 36
    },
    {
      "DateDuJour": "2022-09-04",
      "Temp": 33,
      "MinTemp": 27,
      "MaxTemp": 40
    },
    {
      "DateDuJour": "2022-09-05",
      "Temp": 22,
      "MinTemp": 17,
      "MaxTemp": 28
    },
    {
      "DateDuJour": "2022-09-06",
      "Temp": 24,
      "MinTemp": 19,
      "MaxTemp": 28
    },
    {
      "DateDuJour": "2022-09-07",
      "Temp": 24,
      "MinTemp": 20,
      "MaxTemp": 28
    },
    {
      "DateDuJour": "2022-09-08",
      "Temp": 27,
      "MinTemp": 21,
      "MaxTemp": 34
    },
    {
      "DateDuJour": "2022-09-09",
      "Temp": 18,
      "MinTemp": 12,
      "MaxTemp": 23
    },
    {
      "DateDuJour": "2022-09-10",
      "Temp": 35,
      "MinTemp": 31,
      "MaxTemp": 37
    },
    {
      "DateDuJour": "2022-09-11",
      "Temp": 27,
      "MinTemp": 24,
      "MaxTemp": 32
    },
    {
      "DateDuJour": "2022-09-12",
      "Temp": 23,
      "MinTemp": 17,
      "MaxTemp": 25
    },
    {
      "DateDuJour": "2022-09-13",
      "Temp": 28,
      "MinTemp": 26,
      "MaxTemp": 35
    },
    {
      "DateDuJour": "2022-09-14",
      "Temp": 19,
      "MinTemp": 13,
      "MaxTemp": 21
    },
    {
      "DateDuJour": "2022-09-15",
      "Temp": 25,
      "MinTemp": 22,
      "MaxTemp": 32
    },
    {
      "DateDuJour": "2022-09-16",
      "Temp": 26,
      "MinTemp": 22,
      "MaxTemp": 31
    },
    {
      "DateDuJour": "2022-09-17",
      "Temp": 25,
      "MinTemp": 19,
      "MaxTemp": 28
    },
    {
      "DateDuJour": "2022-09-18",
      "Temp": 26,
      "MinTemp": 23,
      "MaxTemp": 32
    },
    {
      "DateDuJour": "2022-09-19",
      "Temp": 18,
      "MinTemp": 14,
      "MaxTemp": 21
    },
    {
      "DateDuJour": "2022-09-20",
      "Temp": 29,
      "MinTemp": 25,
      "MaxTemp": 35
    },
    {
      "DateDuJour": "2022-09-21",
      "Temp": 34,
      "MinTemp": 29,
      "MaxTemp": 39
    },
    {
      "DateDuJour": "2022-09-22",
      "Temp": 9,
      "MinTemp": 6,
      "MaxTemp": 14
    },
    {
      "DateDuJour": "2022-09-23",
      "Temp": 4,
      "MinTemp": 0,
      "MaxTemp": 10
    },
    {
      "DateDuJour": "2022-09-24",
      "Temp": 10,
      "MinTemp": 9,
      "MaxTemp": 17
    },
    {
      "DateDuJour": "2022-09-25",
      "Temp": 3,
      "MinTemp": -1,
      "MaxTemp": 5
    },
    {
      "DateDuJour": "2022-09-26",
      "Temp": 11,
      "MinTemp": 8,
      "MaxTemp": 13
    },
    {
      "DateDuJour": "2022-09-27",
      "Temp": 8,
      "MinTemp": 2,
      "MaxTemp": 10
    },
    {
      "DateDuJour": "2022-09-28",
      "Temp": -2,
      "MinTemp": -4,
      "MaxTemp": 5
    },
    {
      "DateDuJour": "2022-09-29",
      "Temp": 11,
      "MinTemp": 9,
      "MaxTemp": 18
    },
    {
      "DateDuJour": "2022-09-30",
      "Temp": 10,
      "MinTemp": 4,
      "MaxTemp": 13
    },
    {
      "DateDuJour": "2022-10-01",
      "Temp": 0,
      "MinTemp": -1,
      "MaxTemp": 6
    },
    {
      "DateDuJour": "2022-10-02",
      "Temp": 5,
      "MinTemp": 1,
      "MaxTemp": 10
    },
    {
      "DateDuJour": "2022-10-03",
      "Temp": 9,
      "MinTemp": 6,
      "MaxTemp": 14
    },
    {
      "DateDuJour": "2022-10-04",
      "Temp": 14,
      "MinTemp": 13,
      "MaxTemp": 18
    },
    {
      "DateDuJour": "2022-10-05",
      "Temp": -3,
      "MinTemp": -7,
      "MaxTemp": 2
    },
    {
      "DateDuJour": "2022-10-06",
      "Temp": 5,
      "MinTemp": 3,
      "MaxTemp": 7
    },
    {
      "DateDuJour": "2022-10-07",
      "Temp": 6,
      "MinTemp": 1,
      "MaxTemp": 9
    },
    {
      "DateDuJour": "2022-10-08",
      "Temp": -2,
      "MinTemp": -5,
      "MaxTemp": 2
    },
    {
      "DateDuJour": "2022-10-09",
      "Temp": 16,
      "MinTemp": 10,
      "MaxTemp": 23
    },
    {
      "DateDuJour": "2022-10-10",
      "Temp": 7,
      "MinTemp": 4,
      "MaxTemp": 10
    },
    {
      "DateDuJour": "2022-10-11",
      "Temp": 16,
      "MinTemp": 11,
      "MaxTemp": 20
    },
    {
      "DateDuJour": "2022-10-12",
      "Temp": 0,
      "MinTemp": -6,
      "MaxTemp": 4
    },
    {
      "DateDuJour": "2022-10-13",
      "Temp": -5,
      "MinTemp": -6,
      "MaxTemp": -3
    },
    {
      "DateDuJour": "2022-10-14",
      "Temp": 4,
      "MinTemp": 2,
      "MaxTemp": 7
    },
    {
      "DateDuJour": "2022-10-15",
      "Temp": -1,
      "MinTemp": -7,
      "MaxTemp": 2
    },
    {
      "DateDuJour": "2022-10-16",
      "Temp": -5,
      "MinTemp": -9,
      "MaxTemp": 1
    },
    {
      "DateDuJour": "2022-10-17",
      "Temp": 2,
      "MinTemp": -4,
      "MaxTemp": 5
    },
    {
      "DateDuJour": "2022-10-18",
      "Temp": 8,
      "MinTemp": 7,
      "MaxTemp": 15
    },
    {
      "DateDuJour": "2022-10-19",
      "Temp": -2,
      "MinTemp": -5,
      "MaxTemp": 1
    },
    {
      "DateDuJour": "2022-10-20",
      "Temp": 6,
      "MinTemp": 4,
      "MaxTemp": 11
    },
    {
      "DateDuJour": "2022-10-21",
      "Temp": 8,
      "MinTemp": 4,
      "MaxTemp": 10
    },
    {
      "DateDuJour": "2022-10-22",
      "Temp": -4,
      "MinTemp": -6,
      "MaxTemp": -1
    },
    {
      "DateDuJour": "2022-10-23",
      "Temp": 0,
      "MinTemp": -2,
      "MaxTemp": 2
    },
    {
      "DateDuJour": "2022-10-24",
      "Temp": -5,
      "MinTemp": -7,
      "MaxTemp": 0
    },
    {
      "DateDuJour": "2022-10-25",
      "Temp": 3,
      "MinTemp": 1,
      "MaxTemp": 5
    },
    {
      "DateDuJour": "2022-10-26",
      "Temp": 13,
      "MinTemp": 8,
      "MaxTemp": 18
    },
    {
      "DateDuJour": "2022-10-27",
      "Temp": -4,
      "MinTemp": -6,
      "MaxTemp": 3
    },
    {
      "DateDuJour": "2022-10-28",
      "Temp": 4,
      "MinTemp": -1,
      "MaxTemp": 7
    },
    {
      "DateDuJour": "2022-10-29",
      "Temp": 6,
      "MinTemp": 1,
      "MaxTemp": 9
    },
    {
      "DateDuJour": "2022-10-30",
      "Temp": 8,
      "MinTemp": 7,
      "MaxTemp": 11
    },
    {
      "DateDuJour": "2022-10-31",
      "Temp": 6,
      "MinTemp": 2,
      "MaxTemp": 8
    },
    {
      "DateDuJour": "2022-11-01",
      "Temp": -1,
      "MinTemp": -7,
      "MaxTemp": 4
    },
    {
      "DateDuJour": "2022-11-02",
      "Temp": 9,
      "MinTemp": 5,
      "MaxTemp": 12
    },
    {
      "DateDuJour": "2022-11-03",
      "Temp": -4,
      "MinTemp": -9,
      "MaxTemp": -1
    },
    {
      "DateDuJour": "2022-11-04",
      "Temp": 1,
      "MinTemp": -4,
      "MaxTemp": 7
    },
    {
      "DateDuJour": "2022-11-05",
      "Temp": -4,
      "MinTemp": -6,
      "MaxTemp": 1
    },
    {
      "DateDuJour": "2022-11-06",
      "Temp": 0,
      "MinTemp": -1,
      "MaxTemp": 4
    },
    {
      "DateDuJour": "2022-11-07",
      "Temp": 10,
      "MinTemp": 6,
      "MaxTemp": 15
    },
    {
      "DateDuJour": "2022-11-08",
      "Temp": 7,
      "MinTemp": 5,
      "MaxTemp": 10
    },
    {
      "DateDuJour": "2022-11-09",
      "Temp": 9,
      "MinTemp": 8,
      "MaxTemp": 16
    },
    {
      "DateDuJour": "2022-11-10",
      "Temp": 10,
      "MinTemp": 8,
      "MaxTemp": 13
    },
    {
      "DateDuJour": "2022-11-11",
      "Temp": -1,
      "MinTemp": -2,
      "MaxTemp": 6
    },
    {
      "DateDuJour": "2022-11-12",
      "Temp": 1,
      "MinTemp": -1,
      "MaxTemp": 7
    },
    {
      "DateDuJour": "2022-11-13",
      "Temp": -3,
      "MinTemp": -6,
      "MaxTemp": 0
    },
    {
      "DateDuJour": "2022-11-14",
      "Temp": -5,
      "MinTemp": -7,
      "MaxTemp": -3
    },
    {
      "DateDuJour": "2022-11-15",
      "Temp": 14,
      "MinTemp": 8,
      "MaxTemp": 20
    },
    {
      "DateDuJour": "2022-11-16",
      "Temp": 7,
      "MinTemp": 3,
      "MaxTemp": 10
    },
    {
      "DateDuJour": "2022-11-17",
      "Temp": 1,
      "MinTemp": 0,
      "MaxTemp": 5
    },
    {
      "DateDuJour": "2022-11-18",
      "Temp": -1,
      "MinTemp": -3,
      "MaxTemp": 6
    },
    {
      "DateDuJour": "2022-11-19",
      "Temp": 9,
      "MinTemp": 8,
      "MaxTemp": 14
    },
    {
      "DateDuJour": "2022-11-20",
      "Temp": 14,
      "MinTemp": 9,
      "MaxTemp": 20
    },
    {
      "DateDuJour": "2022-11-21",
      "Temp": 2,
      "MinTemp": -2,
      "MaxTemp": 5
    },
    {
      "DateDuJour": "2022-11-22",
      "Temp": 2,
      "MinTemp": 1,
      "MaxTemp": 4
    },
    {
      "DateDuJour": "2022-11-23",
      "Temp": 8,
      "MinTemp": 5,
      "MaxTemp": 12
    },
    {
      "DateDuJour": "2022-11-24",
      "Temp": 10,
      "MinTemp": 4,
      "MaxTemp": 13
    },
    {
      "DateDuJour": "2022-11-25",
      "Temp": 3,
      "MinTemp": -1,
      "MaxTemp": 5
    },
    {
      "DateDuJour": "2022-11-26",
      "Temp": 0,
      "MinTemp": -4,
      "MaxTemp": 7
    },
    {
      "DateDuJour": "2022-11-27",
      "Temp": 2,
      "MinTemp": 0,
      "MaxTemp": 5
    },
    {
      "DateDuJour": "2022-11-28",
      "Temp": -4,
      "MinTemp": -5,
      "MaxTemp": 1
    },
    {
      "DateDuJour": "2022-11-29",
      "Temp": 14,
      "MinTemp": 9,
      "MaxTemp": 16
    },
    {
      "DateDuJour": "2022-11-30",
      "Temp": 0,
      "MinTemp": -3,
      "MaxTemp": 6
    },
    {
      "DateDuJour": "2022-12-01",
      "Temp": 3,
      "MinTemp": 2,
      "MaxTemp": 7
    },
    {
      "DateDuJour": "2022-12-02",
      "Temp": 16,
      "MinTemp": 12,
      "MaxTemp": 18
    },
    {
      "DateDuJour": "2022-12-03",
      "Temp": 9,
      "MinTemp": 7,
      "MaxTemp": 15
    },
    {
      "DateDuJour": "2022-12-04",
      "Temp": -3,
      "MinTemp": -6,
      "MaxTemp": 1
    },
    {
      "DateDuJour": "2022-12-05",
      "Temp": 0,
      "MinTemp": -1,
      "MaxTemp": 2
    },
    {
      "DateDuJour": "2022-12-06",
      "Temp": 7,
      "MinTemp": 1,
      "MaxTemp": 10
    },
    {
      "DateDuJour": "2022-12-07",
      "Temp": -4,
      "MinTemp": -6,
      "MaxTemp": -2
    },
    {
      "DateDuJour": "2022-12-08",
      "Temp": 8,
      "MinTemp": 6,
      "MaxTemp": 11
    },
    {
      "DateDuJour": "2022-12-09",
      "Temp": 8,
      "MinTemp": 4,
      "MaxTemp": 14
    },
    {
      "DateDuJour": "2022-12-10",
      "Temp": 10,
      "MinTemp": 7,
      "MaxTemp": 17
    },
    {
      "DateDuJour": "2022-12-11",
      "Temp": 11,
      "MinTemp": 5,
      "MaxTemp": 16
    },
    {
      "DateDuJour": "2022-12-12",
      "Temp": 11,
      "MinTemp": 5,
      "MaxTemp": 15
    },
    {
      "DateDuJour": "2022-12-13",
      "Temp": 7,
      "MinTemp": 1,
      "MaxTemp": 9
    },
    {
      "DateDuJour": "2022-12-14",
      "Temp": -3,
      "MinTemp": -8,
      "MaxTemp": 0
    },
    {
      "DateDuJour": "2022-12-15",
      "Temp": -3,
      "MinTemp": -5,
      "MaxTemp": 4
    },
    {
      "DateDuJour": "2022-12-16",
      "Temp": 3,
      "MinTemp": 1,
      "MaxTemp": 9
    },
    {
      "DateDuJour": "2022-12-17",
      "Temp": -2,
      "MinTemp": -8,
      "MaxTemp": 3
    },
    {
      "DateDuJour": "2022-12-18",
      "Temp": 7,
      "MinTemp": 3,
      "MaxTemp": 14
    },
    {
      "DateDuJour": "2022-12-19",
      "Temp": 7,
      "MinTemp": 1,
      "MaxTemp": 9
    },
    {
      "DateDuJour": "2022-12-20",
      "Temp": 2,
      "MinTemp": 0,
      "MaxTemp": 5
    },
    {
      "DateDuJour": "2022-12-21",
      "Temp": 11,
      "MinTemp": 7,
      "MaxTemp": 14
    },
    {
      "DateDuJour": "2022-12-22",
      "Temp": -9,
      "MinTemp": -15,
      "MaxTemp": -5
    },
    {
      "DateDuJour": "2022-12-23",
      "Temp": -5,
      "MinTemp": -7,
      "MaxTemp": 2
    },
    {
      "DateDuJour": "2022-12-24",
      "Temp": -4,
      "MinTemp": -8,
      "MaxTemp": 0
    },
    {
      "DateDuJour": "2022-12-25",
      "Temp": -9,
      "MinTemp": -10,
      "MaxTemp": -7
    },
    {
      "DateDuJour": "2022-12-26",
      "Temp": -9,
      "MinTemp": -12,
      "MaxTemp": -6
    },
    {
      "DateDuJour": "2022-12-27",
      "Temp": -7,
      "MinTemp": -8,
      "MaxTemp": -3
    },
    {
      "DateDuJour": "2022-12-28",
      "Temp": -6,
      "MinTemp": -12,
      "MaxTemp": -1
    },
    {
      "DateDuJour": "2022-12-29",
      "Temp": -3,
      "MinTemp": -9,
      "MaxTemp": 0
    },
    {
      "DateDuJour": "2022-12-30",
      "Temp": -5,
      "MinTemp": -10,
      "MaxTemp": -1
    },
    {
      "DateDuJour": "2022-12-31",
      "Temp": -3,
      "MinTemp": -9,
      "MaxTemp": 2
    }
  ]
}